feature,mean_abs_shap,importance_pct
A,4.410174,46.8
L,3.176953,33.71
S,1.551941,16.47
C,0.285384,3.03
